"","Accuracy","Kappa","AccuracyLower","AccuracyUpper","AccuracyNull","AccuracyPValue","McnemarPValue","Sensitivity","Specificity","Pos.Pred.Value","Neg.Pred.Value","Precision","Recall","F1","Prevalence","Detection.Rate","Detection.Prevalence","Balanced.Accuracy"
"1",0.976160602258469,0.952222597326384,0.963021335895954,0.985587513907659,0.535759096612296,5.85493000843752e-180,0.00024193279086066,0.957845433255269,0.997297297297297,0.997560975609756,0.953488372093023,0.997560975609756,0.957845433255269,0.977299880525687,0.535759096612296,0.513174404015056,0.514429109159348,0.977571365276283
