"","Accuracy","Kappa","AccuracyLower","AccuracyUpper","AccuracyNull","AccuracyPValue","McnemarPValue","Sensitivity","Specificity","Pos.Pred.Value","Neg.Pred.Value","Precision","Recall","F1","Prevalence","Detection.Rate","Detection.Prevalence","Balanced.Accuracy"
"1",0.879548306148055,0.754940458269542,0.85490968560326,0.901335587558458,0.535759096612296,1.10309727814617e-96,3.26632943881777e-11,0.964871194379391,0.781081081081081,0.835699797160243,0.950657894736842,0.835699797160243,0.964871194379391,0.895652173913044,0.535759096612296,0.51693851944793,0.618569636135508,0.872976137730236
