"","Accuracy","Kappa","AccuracyLower","AccuracyUpper","AccuracyNull","AccuracyPValue","McnemarPValue","Sensitivity","Specificity","Pos.Pred.Value","Neg.Pred.Value","Precision","Recall","F1","Prevalence","Detection.Rate","Detection.Prevalence","Balanced.Accuracy"
"1",0.885821831869511,0.773935946388218,0.861674278119968,0.907068588134414,0.535759096612296,9.47408829356239e-101,1.30162987802208e-18,0.793911007025761,0.991891891891892,0.991228070175439,0.806593406593407,0.991228070175439,0.793911007025761,0.881664499349805,0.535759096612296,0.42534504391468,0.429109159347553,0.892901449458827
