"","Accuracy","Kappa","AccuracyLower","AccuracyUpper","AccuracyNull","AccuracyPValue","McnemarPValue","Sensitivity","Specificity","Pos.Pred.Value","Neg.Pred.Value","Precision","Recall","F1","Prevalence","Detection.Rate","Detection.Prevalence","Balanced.Accuracy"
"1",0.95357590966123,0.906959794793484,0.936575519110693,0.967105760116726,0.535759096612296,3.61444516848784e-155,0.00852885215405186,0.936768149882904,0.972972972972973,0.975609756097561,0.930232558139535,0.975609756097561,0.936768149882904,0.955794504181601,0.535759096612296,0.501882057716437,0.514429109159348,0.954870561427938
