"","Accuracy","Kappa","AccuracyLower","AccuracyUpper","AccuracyNull","AccuracyPValue","McnemarPValue","Sensitivity","Specificity","Pos.Pred.Value","Neg.Pred.Value","Precision","Recall","F1","Prevalence","Detection.Rate","Detection.Prevalence","Balanced.Accuracy"
"1",0.845671267252196,0.69170217784417,0.81869070401205,0.870063820497129,0.535759096612296,8.2489073106361e-77,0.00217177965569886,0.814988290398126,0.881081081081081,0.887755102040816,0.804938271604938,0.887755102040816,0.814988290398126,0.84981684981685,0.535759096612296,0.4366373902133,0.491844416562108,0.848034685739604
