"","Accuracy","Kappa","AccuracyLower","AccuracyUpper","AccuracyNull","AccuracyPValue","McnemarPValue","Sensitivity","Specificity","Pos.Pred.Value","Neg.Pred.Value","Precision","Recall","F1","Prevalence","Detection.Rate","Detection.Prevalence","Balanced.Accuracy"
"1",0.963613550815558,0.926971528596209,0.94815908089918,0.975498537509941,0.535759096612296,1.49727497938349e-165,0.137394825855801,0.955503512880562,0.972972972972973,0.976076555023923,0.949868073878628,0.976076555023923,0.955503512880562,0.965680473372781,0.535759096612296,0.511919698870765,0.524466750313676,0.964238242926768
